Analytics Summary,October 2026

Summary
Metric,Value
Monthly Spending (INR),8770.0
Successful Transactions,3
Failed Transactions,2
Pending Transactions,0
Flagged Transactions,2
Total Credit Limit (INR),100000.0
Total Credit Used (INR),51010.0
Credit Utilization (%),51.01

Category Expenses
Category,Amount (INR),Transactions
SHOPPING,8320.0,2
FOOD,450.0,1

Monthly Trend
Month,Spending (INR),Transactions
May 2026,6600.0,4
Jun 2026,9150.0,10
Jul 2026,16010.0,10
Aug 2026,6790.0,10
Sep 2026,3690.0,4
Oct 2026,8770.0,5

Card Utilization
Card,Credit Limit (INR),Used (INR),Available (INR),Utilization (%)
************4242,60000.0,31850.0,28150.0,53.08
************1881,40000.0,19160.0,20840.0,47.9
